CardNum,CardName,ImgURL,Type,CardClass,Color,Level,GrowCost,Cost,Limit,Power,Restriction,Team,Timing,Guard,Coin,Story,LifeBurst,EffectText,BurstText
WDK12-001,メル＝ヴェスパー,https://www.takaratomy.co.jp/products/wixoss/img/card/WDK12/WDK12-001.jpg,ルリグ,メル,緑,4,《緑》×０,-,11,-,-,-,-,0,-,-,0,【出】：【エナチャージ２】をする。その後、あなたのエナゾーンからシグニを２枚まで対象とし、それらを手札に加える。【起】《ターン１回》《緑×0》：あなたのトラッシュから対象の＜微菌＞のシグニ１枚を対象のあなたのシグニ１体の【チャーム】にする。【起】《ゲーム１回》ベルセルク《コインアイコン》：ターン終了時まで、このルリグは「【自】：あなたのシグニ１体が場に出たとき、そのシグニのパワー以下の対戦相手のシグニ１体を対象とし、それをバニッシュする。」を得る。,-
WDK12-002,メル＝カーディナル,https://www.takaratomy.co.jp/products/wixoss/img/card/WDK12/WDK12-002.jpg,ルリグ,メル,緑,3,《緑》×２,-,7,-,-,-,-,0,-,-,0,【出】《緑》：《コインアイコン》を得る。,-
WDK12-003,メル＝バラライカソニック,https://www.takaratomy.co.jp/products/wixoss/img/card/WDK12/WDK12-003.jpg,ルリグ,メル,緑,2,《緑》×１,-,4,-,-,-,-,0,-,-,0,【出】《コインアイコン》：カードを１枚引く。,-
WDK12-007,難攻不落,https://www.takaratomy.co.jp/products/wixoss/img/card/WDK12/WDK12-007.jpg,アーツ,-,緑,-,-,《緑》×１,-,-,メル限定,-,メインフェイズアタックフェイズスペルカットイン,0,-,-,0,ベット―《コインアイコン》《コインアイコン》（このアーツを使用する際に《コインアイコン》を支払ってもよい）以下の２つから１つを選ぶ。あなたがベットしていた場合、代わりに２つ選ぶ。①あなたのトラッシュから対象の＜微菌＞のシグニ１枚を対象のあなたのシグニ１体の【チャーム】にする。ターン終了時まで、【チャーム】が付いているあなたのすべてのシグニは「【常】：対戦相手のターンの間、バニッシュされない。」を得る。②あなたの場にあるすべての【チャーム】をトラッシュに置く。この方法でトラッシュに置いた【チャーム】と同じ数だけカードを引き、同じ数だけ【エナチャージ１】をする。,-
WDK12-008,化学分解,https://www.takaratomy.co.jp/products/wixoss/img/card/WDK12/WDK12-008.jpg,アーツ,-,緑,-,-,《緑》×１,-,-,メル限定,-,メインフェイズアタックフェイズ,0,-,-,0,対戦相手のシグニ１体を対象とし、それをエナゾーンに置く。対戦相手の場にキーがある場合、追加でカードを１枚引き【エナチャージ１】をする。,-
WDK12-011,羅菌　ヨウサン,https://www.takaratomy.co.jp/products/wixoss/img/card/WDK12/WDK12-011.jpg,シグニ,精羅：微菌,緑,4,-,-,-,12000,メル限定,-,-,0,-,-,1,【常】：【チャーム】が付いているあなたのシグニのパワーを＋3000する。【起】《ターン１回》《緑×0》：ターン終了時まで、【チャーム】が付いているあなたのすべてのシグニは【ランサー】を得る。,：対戦相手のパワー8000以上のシグニ１体を対象とし、それをエナゾーンに置く。
WDK12-012,羅菌　アエン,https://www.takaratomy.co.jp/products/wixoss/img/card/WDK12/WDK12-012.jpg,シグニ,精羅：微菌,緑,4,-,-,-,10000,メル限定,-,-,0,-,-,0,【起】《緑》《ダウン》：対戦相手のパワー10000以上のシグニ１体を対象とし、それをエナゾーンに置く。,-
WDK12-013,羅菌　ビオチン,https://www.takaratomy.co.jp/products/wixoss/img/card/WDK12/WDK12-013.jpg,シグニ,精羅：微菌,緑,3,-,-,-,8000,メル限定,-,-,0,-,-,0,【常】：あなたのターンの間、【チャーム】が付いているあなたのシグニのパワーを＋3000する。【起】《ターン２回》《緑》：あなたのトラッシュから対象の＜微菌＞のシグニ１枚を対象のあなたのシグニ１体の【チャーム】にする。,-
WDK12-014,羅菌　コッパー,https://www.takaratomy.co.jp/products/wixoss/img/card/WDK12/WDK12-014.jpg,シグニ,精羅：微菌,緑,3,-,-,-,7000,メル限定,-,-,0,-,-,1,【常】：このシグニに【チャーム】が付いているかぎり、このシグニのパワーは＋5000され、このシグニは【ランサー】を得る。（【ランサー】を持つシグニがバトルでシグニをバニッシュしたとき、対戦相手のライフクロスを１枚クラッシュする）,：カードを１枚引く。
WDK12-015,羅菌　カーボ,https://www.takaratomy.co.jp/products/wixoss/img/card/WDK12/WDK12-015.jpg,シグニ,精羅：微菌,緑,2,-,-,-,3000,メル限定,-,-,0,-,-,1,【常】：このシグニに【チャーム】が付いているかぎり、このシグニのパワーは＋2000される。【自】《ターン１回》：このシグニがアタックしたとき、《緑》を支払い、あなたの場にある【チャーム】１枚をトラッシュに置いてもよい。そうした場合、このシグニをアップする。,：【エナチャージ１】
WDK12-016,羅菌　コレステ,https://www.takaratomy.co.jp/products/wixoss/img/card/WDK12/WDK12-016.jpg,シグニ,精羅：微菌,緑,1,-,-,-,3000,-,-,-,0,-,-,0,-,-
WDK12-017,羅菌　センイ,https://www.takaratomy.co.jp/products/wixoss/img/card/WDK12/WDK12-017.jpg,シグニ,精羅：微菌,緑,1,-,-,-,1000,メル限定,-,-,0,-,-,1,【出】：あなたのトラッシュから対象の＜微菌＞のシグニ１枚を対象のあなたの他のシグニ１体の【チャーム】にする。（【チャーム】は裏向きでシグニに付き、１体に１枚までしか付けられない）,：カードを１枚引く。
WDK12-022,修習,https://www.takaratomy.co.jp/products/wixoss/img/card/WDK12/WDK12-022.jpg,スペル,-,緑,-,-,《緑》×０,-,-,メル限定,-,-,0,-,-,0,以下の２つから１つを選ぶ。①対象のあなたの＜微菌＞のシグニ１体を場からトラッシュに置く。そうした場合、あなたのエナゾーンから対象のシグニ１枚を手札に加える。②【エナチャージ１】（あなたのデッキの一番上のカードをエナゾーンに置く）,-
